customer_tweet_id,customer_message,uber_response,created_at,suggested_intent,intent,predicted_intent,confidence,correct
667900,@115873 hope there's a lag in my credit to my account because my app is telling me I've been credited $5.00 🙃 https://t.co/aFcdQBraC5,@279216 Happy to help! Please reach out to https://t.co/zUe0dj6yoX and fill out the 4 boxes at the bottom so we can get in touch.,Thu Nov 23 03:27:24 +0000 2017,fare_payment,fare_payment,general_support,0.7451882204750052,False
2950089,@115873 My phone is 954-554-4853. Last night my driver of Chevrolet Equinox DVDC57 was lost. I watched him on map. I cancelled after seeing him wander in other directions. Was charged both $13. + $24.19 for next ride. Pls refund $24.19.,@136346 We can take a look! Send us a note via https://t.co/1xM0TILvAI so our team can get in touch.,Wed Nov 29 17:03:51 +0000 2017,fare_payment,fare_payment,lost_item,0.7579047354186655,False
14353,@Uber_Support Over 90 minutes with no response to missing items with my eats delivery. Do you even have support? I feel like the name lies,@119064 Here to help. Send us a note at https://t.co/ZFaWy0Lkdu so our team can connect.,Wed Nov 01 01:27:40 +0000 2017,fare_payment,lost_item,delivery_issue,0.9671742637488269,False
2901196,".@Uber_Support - just downloaded the app last night using my friend’s link. Used uber today, but never saw a place to use credits from my “FREE Uber ride” How does this work? https://t.co/xO6hYP0ER4",@617358 Hi there! Please visit; https://t.co/CSw3jYhCzc for more info. Please let us know if you have any other questions or concerns.,Tue Nov 28 17:54:52 +0000 2017,fare_payment,fare_payment,general_support,0.5089453134812858,False
1396296,@115873 Why are drivers allowed to give 1* feedback after you neg them for their mistake?,@163689 Here to help! Please visit https://t.co/kWptmPiR2h for more info.,Sat Oct 28 14:42:40 +0000 2017,fare_payment,driver_issue,general_support,0.8265425229083161,False
2549925,@Uber_Support Not only did the driver went another different route as you can see on the driving record. overcharged $30,@724476 We can take a look! Send us a note via https://t.co/y4EDPcVZOI so our team can get in touch.,Mon Oct 30 14:17:40 +0000 2017,fare_payment,fare_payment,driver_issue,0.8714314238423095,False
2753912,@115873 Why have I just had a bill adjustment for a extra $15 because 4 people were in the car when it was just 2 of us! Ridiculous 😡,@337270 We'll get this sorted out! Please send us a note at https://t.co/d5bcSs07DJ so we can connect right away.,Tue Oct 31 18:27:51 +0000 2017,fare_payment,fare_payment,general_support,0.5414653138417264,False
1559402,@Uber_Support I requested a trip but the driver was rude he refused to take a trip after i was in his car and he charged me for no reason https://t.co/1mrAsTHyxE,@481898 That doesn't sound right. DM us the email address connected with your account so our team can follow up with you!,Sat Aug 19 19:25:09 +0000 2017,fare_payment,driver_issue,fare_payment,0.7841706566122155,False
135678,@Uber_Support Why should I be billed in the first place?,"@146579 thanks for reaching out. As requested, the credit on your account was removed and you were refunded the full fare of the cancellation fee. You should see this return in the next 3-5 business days.",Fri Nov 24 09:46:29 +0000 2017,fare_payment,cancellation,general_support,0.8595395760607834,False
2871082,@Uber_Support I can’t use my free ride it’s asks for a payment method when it’s free,@250109 Here to help! Find out more info here https://t.co/paDlcZi0nv,Tue Nov 28 02:42:53 +0000 2017,fare_payment,account_access,fare_payment,0.9260256773469382,False
32001,@Uber_Support Since 12Oct you are saying that 2 reversals will b credited in 2-3 days. Its November guys. Where are the reversals?#UberSucks,"@123083 We can see a member of our team has reached out via email. Due to the nature of this issue, please follow up there. Thanks!",Tue Oct 31 19:25:20 +0000 2017,fare_payment,fare_payment,general_support,0.8976509571371784,False
468284,"@Uber_Support why the hell am i not able to make a payment for my last trip. You are the first company i encountered that does not want the money customer is trying to pay. Not able to book another ride. tried all payment options from website login, still doesn't work. need help!","@226503 We're here to help! Send us a note here, https://t.co/xMxswVLBKT and our team will be in touch.",Fri Dec 01 06:07:55 +0000 2017,fare_payment,account_access,technical_issue,0.6577292571134371,False
2171767,It’s not fare for driver to demand after trip starts ( unless we agree they drop us in between) and @115873 is worried about your promise to customer. What’s the difference between #uber and local auto?,@636956 Here to help! Please send us DM your email address with details so we can follow up.,Thu Nov 09 12:14:33 +0000 2017,fare_payment,driver_issue,fare_payment,0.4757498109945643,False
683905,@Uber_Support If I am credited why do i need to pay the next driver. As a matter of fact if a driver is the one that cancels the trip why at all should a charge be on my account. Come on,@283219 Thanks for the quick response. Can you send us a DM (direct message) with your email address so we can follow up.,Thu Nov 23 12:25:46 +0000 2017,fare_payment,cancellation,fare_payment,0.9626887900739035,False
2933207,@Uber_Support right now I going to Guwahati airport.. driver forcing me to cancel ride.. because I have selected online payment methods..,@683352 We're so sorry about that! Can you please send us a DM with your email address and additional details so we can assist?,Wed Nov 29 09:01:57 +0000 2017,fare_payment,driver_issue,cancellation,0.8253863684225248,False
1419157,@Uber_Support ... why does it show two charges for same ride? https://t.co/jYZhRfHX0G,@449873 Here to help! Send us a note via https://t.co/DceIRNI6kV so our team can connect.,Wed Nov 01 23:54:31 +0000 2017,fare_payment,fare_payment,general_support,0.8253002325683111,False
2392004,.@115877 You should let people know that you don't deliver to their area BEFORE they set up an account and enter payment information! Now I can't delete my account. #dataprotectionissue,@688887 Here to help! Send us a note at https://t.co/jzZ4eEM0T3 so our team can connect.,Tue Nov 14 10:05:59 +0000 2017,fare_payment,account_access,fare_payment,0.4799738958409001,False
1281504,bummer i can't make any of my credit cards work. any solution? I've tried solutions from forums t no avail. I'll take a cab instead @115873 https://t.co/Pewhx8LCA2,@419830 We can take a look! Send us a note via https://t.co/yqIhbGRNqi so our team can get in touch.,Thu Oct 26 17:06:10 +0000 2017,fare_payment,account_access,general_support,0.6182915959414804,False
2614364,"@115877 ubereats.. Whats going on!!! cant order from place i always order from because now its too far!!! then when it finally goes thru cant pay ""Error verifying payment profile"" then ""Could not find created order"" errors!!! wtf!!","@739054 We apologize for the trouble! Send us a note here, https://t.co/3eYc7uUEUm, and our team will be in touch.",Fri Nov 17 13:38:40 +0000 2017,fare_payment,technical_issue,delivery_issue,0.9986783711737309,False
1461045,@115873 it is unfair to charge me 5 ringgit in the next trip.the uber driver i called told me he didn’t manage to take me to the place I wan.,@459113 Here to help. Send us a note at https://t.co/1xM0TILvAI so our team can connect.,Thu Nov 30 18:55:32 +0000 2017,fare_payment,cancellation,fare_payment,0.6212726073408336,False
1155715,@Uber_Support is a huge mess! My rides kept getting cancelled at the last minute because they said my credit cards were invalid. Idiots!!,@391868 Oh no! Thanks for bringing this to our attention. DM us your account email along with details for assistance.,Sun Oct 15 14:47:41 +0000 2017,fare_payment,account_access,cancellation,0.8750024547070184,False
2846357,Good evening @Uber_Support @115873 I was billed twice for one trip. Please explain.,"@791671 We can definitely take a closer look! Contact us here; https://t.co/DceIRNI6kV, so we can help.",Mon Nov 27 18:19:02 +0000 2017,fare_payment,fare_payment,general_support,0.7798538688124067,False
1246914,Gotta love @115873 Eats: drink spills en route and only refunds the cost of the food. I guess I paid $4.99 to spend three hours complaining?,@412543 We have received your DM and will connect with you there. Thanks!,Thu Oct 26 00:53:47 +0000 2017,fare_payment,delivery_issue,fare_payment,0.8308397534495869,False
997915,@115873 wtf? My driver cancelled on me when she arrived. When I requested a new uber she confirmed it so i had her twice and got charged twice.,@356296 Here to help! Send us a note here https://t.co/1xM0TILvAI so we can assist.,Mon Nov 20 04:32:52 +0000 2017,fare_payment,fare_payment,cancellation,0.9526340955945654,False
2837745,So I don't use @115873 too much cuz I'm broke...do the drivers not make a portion of the fare? Is the tip option so that they make money or for extra $$ for a good experience...help!,"@789798 Happy to explain, Christopher. Uber partners earn money based on the trips that are taken whether or not a tip is offered. Tips are extra earnings and are sent directly to the partner with no service fee taken out.",Mon Nov 27 15:35:42 +0000 2017,fare_payment,general_support,fare_payment,0.9776046527119636,False
2975053,@115873 I love how my uber driver at #PHX just told me he wouldn't make it and then refused to cancel so my card got charged full fare. Seems like fraud to me. And for the record this was Uber Black not Uber X. https://t.co/5TAoGmWaN0,@256906 Here to help. Send us a note at https://t.co/wW2bTlNcsR so our team can connect.,Thu Nov 30 02:30:25 +0000 2017,fare_payment,driver_issue,fare_payment,0.7737759074262114,False
473390,@Uber_Support They gave me a $10 credit for a $57 meal that went to waste 🙄,@227717 Sorry for the trouble! Please send us a DM with your email address with details so we can follow up.,Sat Dec 02 03:57:48 +0000 2017,fare_payment,fare_payment,delivery_issue,0.5125362338377522,False
996981,"@Uber_Support No matter how many times I contact you, I cannot get my AMEX credits to work. Your suggestions don't work. This is incredibly frustrating",@356079 So sorry about that! Send us a direct message (DM) with your email address so we can connect right away.,Tue Nov 21 18:11:15 +0000 2017,fare_payment,fare_payment,general_support,0.6561590458011991,False
1043132,@Uber_Support received a receipt which I cannot open for a cancelled trip today which the driver cancelled?,@311320 We're happy to connect. Please DM us the email on your account and we'll be in touch shortly.,Thu Oct 12 17:42:46 +0000 2017,fare_payment,technical_issue,cancellation,0.9998188316672318,False
1769497,I have emailed uber 3 times but have not had any luck with getting at least a refund of the surcharge.Just wanted to warn people especially any girls as the situation could have ended so much worse. I've posted the guy from uber as an FYI @115873 @Uber_Support,@531997 Here to help! Please send us a DM with your email address and more info regarding your concern so we can assist.,Tue Nov 07 23:07:10 +0000 2017,fare_payment,driver_issue,fare_payment,0.7475122094796477,False
12628,@Uber_Support I did about 30 minutes ago. Have not heard anything or any response. I’ll just contest through my credit card.,@118528 Our team is reviewing your email from __email__' and will be in touch. We appreciate your patience!,Wed Nov 01 02:08:52 +0000 2017,fare_payment,general_support,fare_payment,0.9075173672731129,False
1298556,@115873 I had issues with a fare when the app froze and wouldn’t let me start the trip,"@423482 Sorry to hear of the trouble, James! Please reach out to us here: https://t.co/FF2YGTGjuA so we can follow up.",Thu Oct 26 22:20:59 +0000 2017,fare_payment,technical_issue,fare_payment,0.7905416093267642,False
843274,"Last night I paid Rs. 510 to @115873's cab from IGI Airport to Wazirabad Sec 52, didn't receive any SMS/invoice for the bill. Quite nonsensical!","@320535 Here to help, Bhaskar! Send us a note here; https://t.co/1ZhWn0IZsw and our team will be able to assist!",Mon Oct 09 10:09:53 +0000 2017,fare_payment,technical_issue,fare_payment,0.9650388684688698,False
2312611,@115873 @Uber_Support totally ripped off by your driver and no support. I won’t use Uber again for fear of false fare adjustments 😤,@670660 We're here to help! Send us a DM with your email address so we can assist.,Sun Nov 26 16:12:47 +0000 2017,fare_payment,driver_issue,fare_payment,0.5925116374001553,False
1060422,"@Uber_Support If I agree to a suggested dropoff, will my fare be reduced to reflect the new dropoff point and shorter trip?","@370369 Hey, there are several factors that will determine your fare. You can learn more here; https://t.co/hR0RoJFhX9",Fri Oct 13 01:29:37 +0000 2017,fare_payment,general_support,fare_payment,0.8238192098816004,False
785527,@115873 unjust cancellation fee not reverted yet. The driver kept going in rounds - surely his gps stands as proof. https://t.co/xgikBMKEDe,"@307428 Hello Ishita, here to help! Please send us a note at https://t.co/w7r2O6dMbU and we'll be happy to look into this for you.",Thu Oct 12 08:53:37 +0000 2017,fare_payment,fare_payment,cancellation,0.9775045501950469,False
1589460,@Uber_Support Hi what’s the situation on NYE will there be massive price surges all night? TIA,@488750 Dynamic pricing adjusts quickly based on demand and location. Checking the app is the best bet.,Sat Nov 04 23:03:28 +0000 2017,fare_payment,general_support,fare_payment,0.636466293543699,False
780977,"Yo @115873 stop hiring driver can't speak English, i speak 3 languages so this is not some hillbillies complaint, it's about safety. Fix it dipshit.",@185159 Happy to help! Please confirm your email address or phone number through direct message so we can further assist.,Sat Nov 25 09:14:58 +0000 2017,fare_payment,safety_fraud,driver_issue,0.7967647121604027,False
443082,WOW @115873 ur driver REFUSED to pick me up at the spot he accepted and you charged me a cancellation fee? @115879 here I come #badcustomerservice #toomanyoptionsforthis,@220002 Here to help! Please send us a note here; https://t.co/a2H78GHc13 so our team can assist.,Tue Nov 21 16:24:29 +0000 2017,fare_payment,driver_issue,cancellation,0.9827797625421,False
939670,Drivers are messing with Uber algorithm to get surcharge! put a stop to this! @Uber_Support,"@342753 Will you please DM us with more details about this? From there, we'll look into it.",Sat Oct 21 17:47:53 +0000 2017,fare_payment,driver_issue,general_support,0.8429609979420838,False
1597396,"Why tf won’t Uber Eats accept my payments , I’m about to fight",@490706 Here to help! Send us a note here;https://t.co/3eYc7uUEUm and our team will be able to assist!,Sat Nov 04 22:27:59 +0000 2017,fare_payment,technical_issue,delivery_issue,0.9900441308074075,False
2322678,"I got locked out of my uber account just now for literally no reason, so I feel bad for whoever I'm about to yell at until it gets unlocked",@673030 Here to help! Send us a note here; https://t.co/Md7v036OoC and our team will be able to assist!,Fri Oct 20 00:02:54 +0000 2017,fare_payment,account_access,general_support,0.4836402547796714,False
2458766,"@Uber_Support i want my money back y’all over charged me last night, AND i waited a long time for me uber to come and i tried to cancel I️t but he was going to charge me",@704174 Here to help! Please send us a note here; https://t.co/1xM0TILvAI so our team can connect.,Sun Nov 26 18:51:39 +0000 2017,fare_payment,cancellation,fare_payment,0.9685186559312957,False
465209,@115873 Mine is that the driver will accept the ride but won't show up. And I'll be charged for the ride. And they won't pick my call. 😤,@225657 We're here to help! Send us a DM with your email address and more details so we can follow up.,Fri Dec 01 09:18:03 +0000 2017,fare_payment,driver_issue,fare_payment,0.8642410864208684,False
2811185,"Hey, @115873 @Uber_Support, what's up with your system? You assigned me a car, waited for more than the 23mins you said it wld take, and then u changed cars w/o notice. And I end up paying P100 cancellation fee. Brilliant! 😡","@783935 Hi there! We're here to help. Send us a note here, https://t.co/e8HVoseGiP and so our team will assist.",Wed Nov 22 07:53:24 +0000 2017,fare_payment,fare_payment,cancellation,0.9786285015739087,False
500904,@115873 just charged me £8.50 to get in a car with my 10 year old and then be thrown out again as the driver wouldn’t wait for my wife to take my 7 year old daughter to the toilet. Appalled by the appalling rude service. Have been a loyal customer but now seriously reconsidering.,@234650 Here to help. Send us a note at https://t.co/TmWmJyGFaK so our team can connect.,Fri Dec 01 19:33:32 +0000 2017,fare_payment,driver_issue,fare_payment,0.4358989452607688,False
682678,@115877 Why do you think it's acceptable to charge £3.50?!?!?! For a McDonald's delivery? I live ten minutes away from it!,@282916 Please write us a note at https://t.co/3eYc7uUEUm and a member from our team will follow up with you.,Thu Oct 05 17:59:11 +0000 2017,fare_payment,fare_payment,delivery_issue,0.8080473440274222,False
1026302,"@115873 maybe if 25 minutes after 'will arrive in 3 minutes' the Uber hasn't arrived, don't charge $5 to cancel. It's starting to get cold out","@362837 Sorry for the trouble! Send us a note here, https://t.co/e8HVorX5rh, and our team will be in touch.",Mon Oct 23 00:13:17 +0000 2017,fare_payment,fare_payment,cancellation,0.8844533239207749,False
2698092,#Uber @115873 How does the image below permit a $150 clean up fee. I️ have always had a good experience with Uber until now. This is NOT OK. Can someone please point out the damage done? https://t.co/yqbgJ8tGHL,@757393 Here to help! We're currently reviewing your email and will be in touch shortly. We appreciate your patience!,Sun Nov 19 19:45:05 +0000 2017,fare_payment,safety_fraud,general_support,0.4128111565135672,False
1733196,@115873 why don’t you pay “inconvenience charge” every time a driver makes me wait &amp; cancels ride?,@523495 Sorry to hear about that! Can you please contact us via https://t.co/e8HVorX5rh so our team can connect.,Tue Nov 07 13:03:58 +0000 2017,fare_payment,cancellation,fare_payment,0.9534451044175496,False
1159221,@115873 once again u r fraud! my uberdriver called me 2 cnxl uber charged me a cnxlfee But the best u can do is credit my acct. I think not!,@392699 So sorry about that! Find out about our cancellation policy here; https://t.co/JyzdtQmyxT.,Sun Oct 15 18:37:53 +0000 2017,fare_payment,cancellation,safety_fraud,0.8787622254239326,False
2899781,"@Uber_Support I sent my friend an invite code but she didn't use it correctly, she signed up but didn't put her payment info in and hasn't used it yet. Now it won't let her sign up with my code. Can you help???",@803321 Here to help! Please reach out to https://t.co/QDn91HzZV0 and fill out the 4 boxes at the bottom so we can get in touch.,Tue Nov 28 17:31:41 +0000 2017,fare_payment,general_support,fare_payment,0.4039468860015942,False
564448,"@115873 I left my iPhone in an Uber earlier today. I have the ride receipt, but I can't sign into my Uber account to contact the driver because I can't see the verification code that gets texted to me because I don't have my phone. Help?",@252212 So sorry about that! Send us a DM with your email address so we can connect right away.,Sun Dec 03 00:22:18 +0000 2017,fare_payment,lost_item,account_access,0.9831168166698749,False
338681,Dear @115873 - it's complete BS when drivers accept fares before they have even dropped off current passengers. WTF???,@196852 So sorry about the trouble! Please send us a DM with your email address and more details so we can connect.,Sat Oct 07 22:44:59 +0000 2017,fare_payment,driver_issue,general_support,0.6985896461956638,False
2341580,Hi @115873 why are Driver’s receipts different from customers? #criminal #illegal https://t.co/c8HpLfwYtg,@677317 We're here to help! Send us a DM with your email address so we can connect.,Sun Oct 29 07:10:56 +0000 2017,fare_payment,fare_payment,driver_issue,0.8538040828723569,False
97644,@Uber_Support I've been getting duplicate suspicious email receipts after rides. Something is wrong. Here is the screenshot. Please let me know. Looks like something is compromised on your end. https://t.co/CNAZXsTvH3,@137372 Here to help! Send us a note via; https://t.co/kGIXas5Cxg so our team can connect.,Thu Nov 30 16:22:52 +0000 2017,fare_payment,safety_fraud,general_support,0.7063428203532238,False
97655,"Charged £100 cleaning fee for a mess we didn’t make 12 hours after our journey, no evidence to prove it was us shows pics which could be anything by anyone. @115873 complete bullshit @Uber_Support replied with blatant PR automatic responses. Probably just a scam from the driver",@137377 We apologize for the trouble! Send us a DM with your email address and we'll connect.,Thu Nov 30 16:26:11 +0000 2017,fare_payment,safety_fraud,fare_payment,0.6542350979691941,False
127223,@Uber_Support I received multiple fraudulent charges on my credit card from Uber. Trying to find an @115873 customer service number.,@144566 We can definitely follow up! Send us a note here: https://t.co/dInR3racif so our team can connect.,Fri Nov 24 03:30:41 +0000 2017,fare_payment,safety_fraud,fare_payment,0.9702508166160975,False
926825,@115873 how the hell does my rate jump from $23 to $42 in 30 mins on Long Island? Guess what? lindys always charges $35 so fuck you!,@117908 Here to help. Send us a note at https://t.co/wW2bTlNcsR so our team can connect.,Fri Oct 13 21:57:18 +0000 2017,fare_payment,fare_payment,general_support,0.6720836932027638,False
36676,Took @115873 POOL yesterday. They tell me $3 &amp;change. End up charging $33.01. UberPOOL prices agreed upon before rider accepts. What the hell?,"@123996 Hi there! We're here to help. Send us a note here, https://t.co/W7UWSUTsIz and so our team will assist.",Wed Nov 01 14:11:15 +0000 2017,fare_payment,fare_payment,driver_issue,0.3708176799405344,False
808948,@Uber_Support We disputed the charge and we were refunded. Thank you!,"@312757 No problem, Joe! We are glad we could help. Have a wonderful week.",Mon Oct 16 03:20:38 +0000 2017,fare_payment,general_support,fare_payment,0.990589416517803,False
1230433,@Uber_Support I’m trying to request a ride using a promotion and it keeps saying there’s something wrong with the payment. HELP!,@254782 Here to help. Send us a note at https://t.co/yqIhbH9ohQ so our team can connect.,Wed Oct 25 20:36:43 +0000 2017,fare_payment,account_access,fare_payment,0.6175796030120819,False
2846352,my @115873 driver charged me and my girlfriend 90 dollars and claimed we trashed his car. all because we didn’t tip him. 🤬,@791670 We can take a look! Send us a DM with your email address so we can follow up.,Mon Nov 27 18:18:04 +0000 2017,fare_payment,driver_issue,fare_payment,0.7885497015755762,False
2957813,@115873 what do I have to do to actually get my money back? My driver canceled why am I being charged? I don’t want an uber credit I want the money back in my bank account! This is absurd.,@816400 Here to help. Kindly send a note at https://t.co/JyzdtQmyxT so we can connect.,Wed Nov 29 19:30:22 +0000 2017,fare_payment,cancellation,fare_payment,0.9678785682448149,False
957705,"@Uber_Support my uber took ages despite saying 1 minute away. Couldn’t cancel &amp; rebook or would have been charged. Now late, can u refund? https://t.co/wSRTUCwDt1",@347237 Happy to help. Please send us a DM with your account email address + phone number and we'll connect.,Sat Oct 21 18:01:16 +0000 2017,fare_payment,cancellation,fare_payment,0.6630274316011616,False
508788,"Why no option to give feedback/bugs about @115873 app in your support pages?? Also, annoying that drivers can cancel on you anytime without penalty(?) and you have to wait for them to drive around funny routes and finally cancel. 30min wasted yesterday waiting for 2 different cars",@236854 Here to help! Send us a note via https://t.co/QDn91HzZV0 and we'll be in touch.,Fri Dec 01 22:05:33 +0000 2017,fare_payment,driver_issue,cancellation,0.9927432366879156,False
1668945,@Uber_Support Dear I would like to change my credit card in Uber account. I tried many times but I couldn't,@508197 Here to help! Find more info here; https://t.co/paDlcZi0nv. Please let us know if you have any other questions or concerns.,Mon Nov 06 11:58:23 +0000 2017,fare_payment,account_access,fare_payment,0.959712752406356,False
1854615,@131434 @115873 @Uber_Support This is the standard rate so 5 x surcharge . Crazy amount https://t.co/LsYCQSZiSx,@554875 We're here to help! Please visit; https://t.co/kkAwlbpH4B for more info.,Sun Oct 29 13:52:00 +0000 2017,fare_payment,fare_payment,general_support,0.654697047294437,False
2941468,"@Uber_Support not impressed with a cancellation charge for a driver that failed to turn up. You have GPS settings etc, he drove past me and in the wrong direction. Refund requested - totally dissatisfied. this needs resolution now",@325577 Here to help! Please send us a DM with your email address so our team can connect right away.,Wed Nov 29 13:32:14 +0000 2017,fare_payment,cancellation,fare_payment,0.48229308918350516,False
2094321,@115873 y'all charged me full price twice for rides the driver cancelled on both times thanks pals,@618778 Here to help! Please send us a note via https://t.co/h840IoLP8K so our team can connect.,Thu Oct 19 03:25:48 +0000 2017,fare_payment,cancellation,fare_payment,0.6323437193617382,False
135671,@116288 @115873 A very unpleasant experience with Uber India. Cant book the ride stating too many cancellations. Charged me even when driver was not around. Please resolve immediately,@146578 Here to help! Send us a note via https://t.co/xMxswVLBKT and we'll be in touch.,Fri Nov 24 09:10:24 +0000 2017,fare_payment,cancellation,fare_payment,0.5802777592118539,False
125054,@115873 I can't find answer to my question; I forgot to write the referral link when I signed up. How can it be credited to the one who referred me. Thanks.,@144034 Happy to help! Please reach out to https://t.co/zUe0dj6yoX and fill out the 4 boxes at the bottom so we can get in touch.,Fri Nov 24 02:07:28 +0000 2017,fare_payment,general_support,lost_item,0.6733009371375519,False
2071521,@118730 do u not operate a phone b/c your email help is not working. Each time I'm being asked for something diff&amp;no longer feel secure,"@612643 Hey, Anna. We do not currently offer phone support. Please send us a DM with your account email address + details and we'll connect.",Mon Oct 09 03:50:06 +0000 2017,fare_payment,general_support,technical_issue,0.8103343493553189,False
808296,@115873 we have just been charged a £70 cleaning fee- we had no drinks or food and wasn't sick in the car- what a scam! Off to the papers 👋🏻,@312598 We'll be happy to take a closer look. Send us a note via https://t.co/a6RfeBkKmr so our team can connect.,Thu Oct 12 17:58:20 +0000 2017,fare_payment,fare_payment,safety_fraud,0.6746934559250821,False
