customer_tweet_id,customer_message,uber_response,created_at,suggested_intent,intent
353087,@Uber_Support See you guys making situation complicated. Pls confirm do you charge for UP toll charges when the cab is already in UP.????,@199948 Happy to help! Looks like you were charged the UP tax and our team has correctly advised you in your original support thread. Please reply to us in-app or by e-mail and we'll gladly follow up.,Sat Nov 25 07:36:55 +0000 2017,fare_payment,fare_payment
2574972,@Uber_Support having an issue with my account. Trying to buy the ride pass but it’s saying that I have an outstanding payment that I shouldn’t have.,@730195 We're happy to check on this with you. Please connect with us at https://t.co/V8YvTNr37q so we can take a look directly.,Thu Nov 30 21:22:27 +0000 2017,fare_payment,fare_payment
667900,@115873 hope there's a lag in my credit to my account because my app is telling me I've been credited $5.00 🙃 https://t.co/aFcdQBraC5,@279216 Happy to help! Please reach out to https://t.co/zUe0dj6yoX and fill out the 4 boxes at the bottom so we can get in touch.,Thu Nov 23 03:27:24 +0000 2017,fare_payment,fare_payment
2950089,@115873 My phone is 954-554-4853. Last night my driver of Chevrolet Equinox DVDC57 was lost. I watched him on map. I cancelled after seeing him wander in other directions. Was charged both $13. + $24.19 for next ride. Pls refund $24.19.,@136346 We can take a look! Send us a note via https://t.co/1xM0TILvAI so our team can get in touch.,Wed Nov 29 17:03:51 +0000 2017,fare_payment,fare_payment
2482773,@115873 @Uber_Support Driver staged vomiting in the car and charged me $150. Everybody was sober. Uber won’t refund. Help.,@709336 We can definitely take a closer look! Contact us here https://t.co/a6RfeBkKmr so we can help.,Sun Oct 29 23:15:24 +0000 2017,fare_payment,fare_payment
1231047,So @Uber_Support why did you just cancel my trip for no reason? I can't afford to resend it again after you already charge my card. What the hell? So I'm late for work because of this.,"@408748 Sorry for the trouble! Send us a note here, https://t.co/e8HVorX5rh and our team will be in touch.",Sat Nov 25 19:23:16 +0000 2017,fare_payment,fare_payment
679980,@Uber_Support I don't speed have no History of tickets and I'm surprised that I was sent a message today about my driving. At a loss. And that goes to show you that some of your riders aren't always the source for feedback as many of them are in a bad mood to begin with.,@282233 We can definitely take a look! Send us a DM with your email address so we can follow up.,Thu Nov 23 07:58:59 +0000 2017,fare_payment,driver_issue
1362627,@115873 you have a bad driver Karen driving a bmw in Miami. He claimed he went by us and then said we had too many bags paid 2 cancel fees,@437276 Here to help! Send us a note here; https://t.co/e8HVorX5rh and our team will be able to help.,Fri Oct 27 20:33:06 +0000 2017,fare_payment,driver_issue
1104466,Should I tip my uber eats driver or does that come out of the fee?,"@348328 Hey, Bailey. For more information please visit the following page https://t.co/zqswAfUkwJ.",Sun Oct 15 04:19:43 +0000 2017,fare_payment,delivery_issue
14353,@Uber_Support Over 90 minutes with no response to missing items with my eats delivery. Do you even have support? I feel like the name lies,@119064 Here to help. Send us a note at https://t.co/ZFaWy0Lkdu so our team can connect.,Wed Nov 01 01:27:40 +0000 2017,fare_payment,lost_item
1144843,@Uber_Support I lost money after cancelling a trip (no cancellation fee) on my Uber gift card. Whom do I contact?,@389446 Oh no! Thanks for bringing this to our attention. DM us your account email along with details for assistance.,Sat Oct 14 19:34:24 +0000 2017,fare_payment,cancellation
2811229,"@115873 @Uber_Support I cannot delete my credit card information from App , it says you cannot delete the only payment methode ! Why not ? I want to delete it or delete my account.",@783943 We're here to help! Send us a note via https://t.co/OhfgxSjmGy so our team can connect.,Wed Nov 22 07:25:51 +0000 2017,fare_payment,fare_payment
2226891,"@115873 Emma does rent a car as an @115873 driver! Curiously, she doesn't count her fixed costs in working out her self-employed hourly rate? Really?!",@650032 Due to our privacy policy we're not able to address these concerns over social. Please have the account holder (or the person you're writing in for) contact us at https://t.co/OhfgxSAY58 so we can assist them further. Please let us know if you have any other questions.,Fri Nov 10 10:25:04 +0000 2017,fare_payment,driver_issue
1087469,@115873 Hi uber…I want to know that why i was charged because the driver canceled the trip?,@318191 We can absolutely follow up! Can you please send us a note via https://t.co/e8HVorX5rh,Sun Oct 15 02:54:24 +0000 2017,fare_payment,cancellation
2855764,@115873 your company is a utter joke. Got charged almost £2 for a ‘wait time’ when I was the one who was waiting🤔,@793787 We can definitely take a look! Send us a note via https://t.co/WJq5jsdLlf so our team can get in touch.,Mon Nov 27 21:21:41 +0000 2017,fare_payment,fare_payment
1612071,It beats logic for @Uber_Support to estimate fare then once at the destination the cost almost doubles @115873,"@494716 We can definitely take a closer look! Contact us here; https://t.co/oEOANqFpjc, so we can help.",Sun Nov 05 12:18:29 +0000 2017,fare_payment,fare_payment
1297303,"@Uber_Support I have sent the required info, if you need more, feel free to call me. Thanks",@423167 We're here to help! Send us a DM with your email address and more details so we can follow up.,Thu Oct 26 23:39:03 +0000 2017,fare_payment,general_support
2387500,@Uber_Support Not happy with the response from your team. Why must I pay the parking fee. It's better to take the yellow cabs. Not at all satisfied. This is cheating..,@687985 Sorry to hear about that! Send us a DM with your email address and we'll connect.,Tue Nov 14 12:16:58 +0000 2017,fare_payment,fare_payment
1092390,@115873 why is the cost of my trip different in the app receipt and my bank charge?,@377779 We'll be happy to take a closer look. Send us a note via https://t.co/ue84RGNpRP so our team can connect.,Sun Oct 15 04:17:40 +0000 2017,fare_payment,fare_payment
1016486,"@115873 I made two journeys with you today, why have I been charged three times? https://t.co/aV6nUbV3SB",@300593 We're here to help! Please send us a note here; https://t.co/zJ6aIZinzb so our team can connect.,Sun Oct 22 19:11:14 +0000 2017,fare_payment,fare_payment
1451658,"@Uber_Support sent you a dm, app is telling me I have a payment issue.",@456877 Here to help. Kindly send a note here: https://t.co/76zx6Rm1i6 so our team will get in touch.,Thu Nov 02 17:15:28 +0000 2017,fare_payment,fare_payment
1027634,"@115873 hi! just had to cancel a trip because the driver's car was full, got charged a fee--any way to fix?","@363176 Sorry to hear that! Send us a note here, https://t.co/e8HVorX5rh and our team will be in touch.",Mon Oct 23 00:46:24 +0000 2017,fare_payment,cancellation
483902,"@Uber_Support placed order, restaurant prepared order was with delivery driver and then it gave message saying could not fulfil order. I waited an hour, have I been charged? I can't even find the order number now..it's no longer under my upcoming orders or previous orders",@230116 We're sorry to hear this was your experience. Kindly contact us via https://t.co/EGiaYE5JMU and we'll be in touch.,Fri Dec 01 14:48:08 +0000 2017,fare_payment,delivery_issue
2901196,".@Uber_Support - just downloaded the app last night using my friend’s link. Used uber today, but never saw a place to use credits from my “FREE Uber ride” How does this work? https://t.co/xO6hYP0ER4",@617358 Hi there! Please visit; https://t.co/CSw3jYhCzc for more info. Please let us know if you have any other questions or concerns.,Tue Nov 28 17:54:52 +0000 2017,fare_payment,fare_payment
339185,@115873 @115873 it should be the same price. Why can't I contact you! Don't be A coward. Please explain this to me. #uberimsayingbye,@196987 We can take a look! Send us a note via https://t.co/svfvGm0VDb so our team can get in touch.,Sat Oct 07 23:16:20 +0000 2017,fare_payment,fare_payment
1843731,@Uber_Support Ur driver kpt roamin around places &amp; kpt me waitin wen he cud juz pik me up in 2 mins juz coz it was a near trip &amp; u guyz chargin me 4 cancellations?I got a call recordin in wich driver askd 2 cncel d trip. Neways Im not payin d charge neither am I usin uber again,@552419 Sorry to hear about that! Can you please contact us via https://t.co/h840Iouehc so our team can connect?,Sun Nov 26 07:48:35 +0000 2017,fare_payment,cancellation
1602388,"@115873 .. despite promocode ( 60% off) check the pool price in guwahati, Assam. Is this a joke @115873 ? https://t.co/aM0Lf9E7p3","@386807 We're here to help, Ravi! Send us a DM with your email address so we can assist.",Tue Oct 17 09:47:23 +0000 2017,fare_payment,fare_payment
1416500,What’s up w/@115873?? Took #uberPool &amp; was charged 2x the quote! Was this cause of no 2nd rider? This is the 2nd time in 24hrs! #notCool,@449208 Hi there! Find out more info about dynamic pricing here: https://t.co/kkAwlbpH4B,Thu Nov 02 02:09:06 +0000 2017,fare_payment,fare_payment
150102,@Uber_Support I have been charged cancellation fee incorrectly. Please see.,@150232 We're sorry to hear this was your experience. Contact us via https://t.co/JyzdtQmyxT and we'll be in touch.,Fri Nov 24 15:03:15 +0000 2017,fare_payment,cancellation
2729230,@Uber_Support How do I query the fare for a family trip please?,@414541 We're here to help! Send us a DM with your email address and more details so we can follow up.,Mon Nov 20 14:48:00 +0000 2017,fare_payment,fare_payment
1168916,@Uber_Support The fee i was charged at the end of the journey was different to what i was told on the app at time of booking,@394957 We're here to help! Please send us a note here; https://t.co/1xM0TILvAI so our team can connect.,Tue Oct 24 18:36:10 +0000 2017,fare_payment,fare_payment
1396296,@115873 Why are drivers allowed to give 1* feedback after you neg them for their mistake?,@163689 Here to help! Please visit https://t.co/kWptmPiR2h for more info.,Sat Oct 28 14:42:40 +0000 2017,fare_payment,driver_issue
2549925,@Uber_Support Not only did the driver went another different route as you can see on the driving record. overcharged $30,@724476 We can take a look! Send us a note via https://t.co/y4EDPcVZOI so our team can get in touch.,Mon Oct 30 14:17:40 +0000 2017,fare_payment,fare_payment
1867347,@115873 @146956 @135788 Uber see I paid 259 for a pool ride wt longer route where an individual cab would hv costed 300 n shorter travel time; so whr is the saving https://t.co/cyHriLs8Q9,"@319716 Here to help! Send us a note here, https://t.co/rkdKXGV1hT, and our team will follow up.",Wed Oct 18 08:30:16 +0000 2017,fare_payment,fare_payment
2961948,@Uber_Support i think i was charged twice for the same trip,@418748 We're here to help! Please send us a note via https://t.co/DceIRNI6kV so we can connect.,Wed Nov 29 21:03:16 +0000 2017,fare_payment,fare_payment
2753912,@115873 Why have I just had a bill adjustment for a extra $15 because 4 people were in the car when it was just 2 of us! Ridiculous 😡,@337270 We'll get this sorted out! Please send us a note at https://t.co/d5bcSs07DJ so we can connect right away.,Tue Oct 31 18:27:51 +0000 2017,fare_payment,fare_payment
19741,"@Uber_Support I️ got charged for a ride I️ never took, I️ tried using the help portion of the app but nobody ever reached out to me.",@780507 We're here to help! Send us a DM with your email address so we can follow up.,Tue Nov 21 22:28:52 +0000 2017,fare_payment,fare_payment
1559402,@Uber_Support I requested a trip but the driver was rude he refused to take a trip after i was in his car and he charged me for no reason https://t.co/1mrAsTHyxE,@481898 That doesn't sound right. DM us the email address connected with your account so our team can follow up with you!,Sat Aug 19 19:25:09 +0000 2017,fare_payment,driver_issue
135678,@Uber_Support Why should I be billed in the first place?,"@146579 thanks for reaching out. As requested, the credit on your account was removed and you were refunded the full fare of the cancellation fee. You should see this return in the next 3-5 business days.",Fri Nov 24 09:46:29 +0000 2017,fare_payment,cancellation
785178,Uber driver was getting food after confirming so I cancelled. Cancellation took ages to go through. Still got charged £4. Thanks @115873 🙄 https://t.co/plGbNVxyKv,"@307361 We're here to help! Send us a note here, https://t.co/e8HVorX5rh and so our team will assist.",Thu Oct 12 08:36:11 +0000 2017,fare_payment,cancellation
2871082,@Uber_Support I can’t use my free ride it’s asks for a payment method when it’s free,@250109 Here to help! Find out more info here https://t.co/paDlcZi0nv,Tue Nov 28 02:42:53 +0000 2017,fare_payment,account_access
2738042,"@115873 you guys charged my account twice for ONE ride and this isn’t the first this has been done!!! How can I get this resolved, I’ve done what I can in the actual app",@356090 Here to help! Please send us a DM with your email address so we can connect.,Mon Nov 20 20:38:17 +0000 2017,fare_payment,fare_payment
2904370,@Uber_Support then ya’ll trying to force me to pay the extra charge before I can use my account !!,@566306 Happy to take a look! Send us a note via https://t.co/DceIRNI6kV so our team can connect.,Tue Nov 28 19:23:17 +0000 2017,fare_payment,fare_payment
2961950,"@Uber_Support hello. You charged me almost $10 for a trip you told me was $2,54. I did not travel as much as you told me i did in the email you send me. How can we solve this?",@817363 Happy to take a closer look! Send us a DM with your email address so we can follow up.,Wed Nov 29 21:03:02 +0000 2017,fare_payment,fare_payment
32001,@Uber_Support Since 12Oct you are saying that 2 reversals will b credited in 2-3 days. Its November guys. Where are the reversals?#UberSucks,"@123083 We can see a member of our team has reached out via email. Due to the nature of this issue, please follow up there. Thanks!",Tue Oct 31 19:25:20 +0000 2017,fare_payment,fare_payment
2410602,@Uber_Support can you please contact me to help me. I was charged for nothing on my UberEATS account. Please give me a contact number to call. Or get back to me on Twitter,@693075 Hi there! We see your outreach via in-app. It seems a member of our team is currently reviewing your query and we'll follow shortly. We appreciate your patience.,Tue Nov 14 15:42:50 +0000 2017,fare_payment,delivery_issue
2086440,@Uber_Support so i get a driver that starts the trip without me in the vehicle makes no contact and then ends the trip and I'm charged for it????,"@616924 Here to help, Jessica! Send us a note here, https://t.co/1xM0TILvAI, and our team will follow up.",Wed Nov 08 05:50:36 +0000 2017,fare_payment,fare_payment
524989,You ever notice all @115873 @115879 drivers are males ? I canceled a dozen rides tonight due to just receiving a women to take my girlfriend home and got charged for my cancellations. Bullshit. No safety assures what so ever.,"@241415 Here to help! To know more about cancellation fees, please visit; https://t.co/sSyGYn6Azn",Sat Dec 02 05:46:05 +0000 2017,fare_payment,cancellation
468284,"@Uber_Support why the hell am i not able to make a payment for my last trip. You are the first company i encountered that does not want the money customer is trying to pay. Not able to book another ride. tried all payment options from website login, still doesn't work. need help!","@226503 We're here to help! Send us a note here, https://t.co/xMxswVLBKT and our team will be in touch.",Fri Dec 01 06:07:55 +0000 2017,fare_payment,account_access
416165,"@115873 @Uber_Support your drivers canceled on me...I only got back the $5 cancellation fee, can I have my $16 back please? ON MY CARD.",@214254 Sorry to hear about the troubles. Please DM us the email address linked to your Uber account so we can look into this for you.,Tue Oct 10 00:28:02 +0000 2017,fare_payment,cancellation
574676,That terrible feeling when your just outside the #UberEats app zoning. @115873,@255181 Hi Nicholas! We're working hard to expand our service area. Stay tuned to our website for updates: https://t.co/Mf9vzZ0uru,Sun Dec 03 07:09:09 +0000 2017,fare_payment,delivery_issue
2456809,@Uber_Support I was quoted £3-4 for my uber but I've been charged £5.75 😡,@216015 We apologize for the trouble! Can you please contact us via https://t.co/1xM0TJ36sg so our team can connect?,Sun Oct 29 18:08:18 +0000 2017,fare_payment,fare_payment
2597203,@Uber_Support got charged for a ride I didn’t even take ???? What a joke you guys are,@735358 Here to help! Please send us a note at https://t.co/dInR3racif and we'll be happy to look into this for you.,Fri Nov 17 04:16:58 +0000 2017,fare_payment,fare_payment
1515405,@115873 @133311 @115873 @133311 I want a refund as my bank account reflects I was charged a cancellation fee,"@471593 We want to follow up, Shane. Can you please send a note our way via https://t.co/QsI1vsvcif?",Fri Nov 03 18:36:24 +0000 2017,fare_payment,cancellation
2171767,It’s not fare for driver to demand after trip starts ( unless we agree they drop us in between) and @115873 is worried about your promise to customer. What’s the difference between #uber and local auto?,@636956 Here to help! Please send us DM your email address with details so we can follow up.,Thu Nov 09 12:14:33 +0000 2017,fare_payment,driver_issue
683905,@Uber_Support If I am credited why do i need to pay the next driver. As a matter of fact if a driver is the one that cancels the trip why at all should a charge be on my account. Come on,@283219 Thanks for the quick response. Can you send us a DM (direct message) with your email address so we can follow up.,Thu Nov 23 12:25:46 +0000 2017,fare_payment,cancellation
2933207,@Uber_Support right now I going to Guwahati airport.. driver forcing me to cancel ride.. because I have selected online payment methods..,@683352 We're so sorry about that! Can you please send us a DM with your email address and additional details so we can assist?,Wed Nov 29 09:01:57 +0000 2017,fare_payment,driver_issue
2609383,@Uber_Support hasn't sent me my bills in months! Repeated requests go unanswered.,@131094 Hi A$hWiNi! Find out more info here: https://t.co/mHNQLPUf5T,Fri Nov 17 10:30:19 +0000 2017,fare_payment,general_support
1419157,@Uber_Support ... why does it show two charges for same ride? https://t.co/jYZhRfHX0G,@449873 Here to help! Send us a note via https://t.co/DceIRNI6kV so our team can connect.,Wed Nov 01 23:54:31 +0000 2017,fare_payment,fare_payment
2642288,@115873 I have contacted multiple times through the app for being overcharged. My email is __email__ if you need it. Frustrated,"@745609 Hey, Ash. A member of our team has been in touch via email, so please check your inbox and follow up there directly.",Tue Oct 31 00:39:06 +0000 2017,fare_payment,fare_payment
2735805,@Uber_Support I received the direct msg after checking of my charge and said it is surge price(doubled price). It is really unexpected charge. The estimate price was been given 20mins ago of the trip. It would be most accurate. How can we know if surge price before trip start?,@758335 We're currently reviewing your email and will connect shortly. Thanks!,Sun Nov 26 23:44:23 +0000 2017,fare_payment,fare_payment
123143,@115873 @Uber_Support One of your driver named JERMAINE is attempting to scam with a fraudulent 'mess' charge. WHERE IS THE PROOF JERMAINE https://t.co/0eBWTvC51I,@143505 We'll be happy to take a closer look. Send us a note via https://t.co/a6RfeBkKmr so our team can connect.,Fri Nov 24 00:28:15 +0000 2017,fare_payment,safety_fraud
274145,@115873 @119983 launched #carpool in #Ahmedabad and shows same fare for #uberpool &amp; #ubergo #pathetic. Promised 40% reduced fares https://t.co/9yENlR9YV2,@181503 We're here to help! Send us a DM with your email address and phone number so we can connect.,Fri Oct 06 05:08:18 +0000 2017,fare_payment,fare_payment
1823052,"One of your cars canceled on me and I was charged full rides (not the standard 5$) 4 times, You guys need to reimburse me! @Uber_Support",@394725 We're happy to review this for you. Please send us a note here; https://t.co/oEOANqFpjc and our team will get in touch to help you further.,Sun Oct 15 19:14:25 +0000 2017,fare_payment,cancellation
2392004,.@115877 You should let people know that you don't deliver to their area BEFORE they set up an account and enter payment information! Now I can't delete my account. #dataprotectionissue,@688887 Here to help! Send us a note at https://t.co/jzZ4eEM0T3 so our team can connect.,Tue Nov 14 10:05:59 +0000 2017,fare_payment,account_access
1281504,bummer i can't make any of my credit cards work. any solution? I've tried solutions from forums t no avail. I'll take a cab instead @115873 https://t.co/Pewhx8LCA2,@419830 We can take a look! Send us a note via https://t.co/yqIhbGRNqi so our team can get in touch.,Thu Oct 26 17:06:10 +0000 2017,fare_payment,account_access
937530,My uber last night charged me $17 when it said it was gonna be $4 I'm pissed. I lowkey think it's bc I curved the uber driver @115873 FIX THIS,"@342242 Here to help! Follow up here; https://t.co/1xM0TILvAI, and our team will connect right away.",Sat Oct 21 18:22:06 +0000 2017,fare_payment,fare_payment
1502099,@Uber_Support Charged multiple times in Mexico City for rides I didn't take. Can't get any online help!!,"@241346 We're sorry to hear this was your experience! Send us a note here, https://t.co/dInR3racif, and our team will be in touch.",Fri Nov 03 14:15:43 +0000 2017,fare_payment,fare_payment
1384863,@223149 5 drivers cancelled pick up. $30 in fees. No right to charge me. Refunded in uber credits. What a disgrace. Left stranded.,@442258 Here to help! Send us a note via https://t.co/e8HVorX5rh so our team can connect.,Sat Oct 28 08:51:38 +0000 2017,fare_payment,cancellation
1478433,@Uber_Support I had to cancel the trip at my cost as the driver never showed up ever after waiting for 39 Min,@463315 Please be sure to follow up with the link provided so we can make this right for you.,Thu Nov 02 23:11:01 +0000 2017,fare_payment,cancellation
613206,"@Uber_Support Hello that doesn't answer my question, why 2 prices when booked at the same time + journey same distance and time? It was over double the price.",@265816 Here to help! Send us a note here https://t.co/OhfgxSAY58 so we can assist.,Mon Nov 20 23:35:41 +0000 2017,fare_payment,fare_payment
376851,@Uber_Support I reset my password and didn't see any charges.. should I do anything else?,@205414 We apologize for the trouble! Please DM us your email address and we'll follow up.,Mon Oct 09 01:46:44 +0000 2017,fare_payment,account_access
2614364,"@115877 ubereats.. Whats going on!!! cant order from place i always order from because now its too far!!! then when it finally goes thru cant pay ""Error verifying payment profile"" then ""Could not find created order"" errors!!! wtf!!","@739054 We apologize for the trouble! Send us a note here, https://t.co/3eYc7uUEUm, and our team will be in touch.",Fri Nov 17 13:38:40 +0000 2017,fare_payment,technical_issue
1790864,"@14667 I just had a $53 gift card on my account, i took an $18 ride and now its gone. I need my money back or i will dispute the charge","@537944 Hi, Em. Please reach out to us using the link at the bottom of this page: https://t.co/hwAiYDki1e and a member of our team will follow up!",Thu Oct 12 20:32:58 +0000 2017,fare_payment,fare_payment
2857396,@Uber_Support. I have been waiting for this ride for more than an hour. I can't cancel this coz I will be charged R25. What do I do now. I'm running out of data here https://t.co/UxLr5wM2ek,@794148 Here to help! Can you please contact us via https://t.co/e8HVorX5rh so our team can connect.,Mon Nov 27 21:26:41 +0000 2017,fare_payment,cancellation
1461045,@115873 it is unfair to charge me 5 ringgit in the next trip.the uber driver i called told me he didn’t manage to take me to the place I wan.,@459113 Here to help. Send us a note at https://t.co/1xM0TILvAI so our team can connect.,Thu Nov 30 18:55:32 +0000 2017,fare_payment,cancellation
1231042,I have a question concerning a trip we took last night. We were charged 33 dollars and still had to walk 1.5 miles and cross several streets illegally. @Uber_Support,@408746 We're sorry to hear this was your experience. Please send us a note via https://t.co/WFtPA6RjWt so we can assist.,Sat Nov 25 19:22:42 +0000 2017,fare_payment,fare_payment
1901740,@115873 my aunt’s card is being charged for rides we never took. Help!,"@566758 Due to our privacy policy, we will have to speak directly to the account holder. Please have them contact us via https://t.co/QDn91Hiowq",Tue Oct 24 03:26:45 +0000 2017,fare_payment,fare_payment
34711,@115873 my trip &lt;8km was charged like &gt;30km trip,@123529 Here to help! Send us a note via https://t.co/ue84RGNpRP so our team can get in touch.,Wed Nov 01 13:23:00 +0000 2017,fare_payment,fare_payment
1155715,@Uber_Support is a huge mess! My rides kept getting cancelled at the last minute because they said my credit cards were invalid. Idiots!!,@391868 Oh no! Thanks for bringing this to our attention. DM us your account email along with details for assistance.,Sun Oct 15 14:47:41 +0000 2017,fare_payment,account_access
2981016,@115873 so how can I contact support? I had my friend use my code for a free ride and instead she got charged and I never got the credit.,"@822197 HI Frances, please provide details at; https://t.co/lqVgKo4ZO3 and a member of our team will be in touch.",Tue Oct 31 20:32:03 +0000 2017,fare_payment,fare_payment
438177,"So the driver refused to goto our destination but I still had to pay a 100 pesos cancellation fee, even if he's the one who cancelled? @115873 fucking do something about this bullshit",@219102 Here to help! Send us a note here; https://t.co/iOszeeHZhQ and our team will be able to assist!,Sat Nov 25 06:03:59 +0000 2017,fare_payment,cancellation
2846357,Good evening @Uber_Support @115873 I was billed twice for one trip. Please explain.,"@791671 We can definitely take a closer look! Contact us here; https://t.co/DceIRNI6kV, so we can help.",Mon Nov 27 18:19:02 +0000 2017,fare_payment,fare_payment
1454626,@115873 I was charged for a ride I don’t even know about. What do I do?,@457615 We can take a look on these. Kindly send a note here: https://t.co/dInR3racif so we can connect.,Thu Nov 02 14:58:27 +0000 2017,fare_payment,fare_payment
587491,@Uber_Support Why was I charged an extra $27 to my fare after I was dropped off? What kind of business practice is that? I'll take my business else where if I don't get that charged back.,"@258783 Here to help! Send us a note here, https://t.co/Xp8oSaP01X and our team will follow up.",Sun Dec 03 15:41:30 +0000 2017,fare_payment,fare_payment
1761480,Hey @115873 @Uber_Support know what sucks? When driver speeds off while you’re flagging them down in the rain &amp; you have to re-book at 2x cost,@160650 So sorry about that! Find out about our cancellation policy here; https://t.co/JyzdtQmyxT.,Tue Nov 07 20:21:23 +0000 2017,fare_payment,driver_issue
2685882,"@Uber_Support Aaaaand 24hrs later - £8.00 and one delivery fee refunded. All-in, between the 2 attempts, that was a £42 meal that you totally trashed. Well done. @2350 we’re never cheating on you again https://t.co/OC2d9k3k4g","@755335 Hi, Krishna. We've followed up via DM.",Sun Nov 19 13:06:24 +0000 2017,fare_payment,delivery_issue
2777652,"@Uber_Support On Sunday morning, my ride literally left me in the rain at 1am and drove away. He didn't return to get me. I was not late. Support via app is useless and won't reply to me in English. Please reverse the cancellation fee. Thanks :)",@373083 We've refunded the cancellation fee. You should see the credit within 1-3 business days.,Tue Nov 21 15:42:51 +0000 2017,fare_payment,cancellation
2729203,@Uber_Support Please look at my specific account not generic instructions. I have had my payments depositEd immediately for months. Suddenly yesterday I changed my debit card and you froze my money. No creditable explanation given. Now my uber account shows 0 balance and my bank accounts 0,@284340 It seems a member of our team has reached out to you. Please check your email and follow up with them there.,Mon Nov 20 14:41:25 +0000 2017,fare_payment,fare_payment
1175617,@Uber_Support Just got charged £5 cancellation fee because driver was in the wrong place and wouldn't move.. Can you refund please?,@139242 Here to help! Please send us a note at https://t.co/lyqXfccOQi and we'll be happy to look into this for you.,Tue Oct 24 20:39:37 +0000 2017,fare_payment,cancellation
2041099,"Hey @115873 I️ want to know why one of your drivers sped past my sister and I️ in the rain, and then “picked us up” and “dropped us off” in a matter of 30 seconds so SHE GOT CHARGED FOR IT????","@603506 Due to our privacy policy, we will have to speak directly to the account holder. Please have them contact us via https://t.co/WFtPA6RjWt",Wed Nov 08 00:48:55 +0000 2017,fare_payment,fare_payment
2134222,another lovely move. @115873 will now force charge you cancellation fees when they repeatedly told you a pool is 2 minutes away and then matched you with someone 20 minutes away.,"@627914 Hey there, Nauzli. Let's take a closer look into this request for you. Please DM the email address to your Uber account so we can connect.",Wed Nov 08 17:16:28 +0000 2017,fare_payment,cancellation
1246914,Gotta love @115873 Eats: drink spills en route and only refunds the cost of the food. I guess I paid $4.99 to spend three hours complaining?,@412543 We have received your DM and will connect with you there. Thanks!,Thu Oct 26 00:53:47 +0000 2017,fare_payment,delivery_issue
1247347,@Uber_Support my card got charged 4 times...,@412658 Here to help! Send us a DM with your email address with more info so we can assist.,Thu Oct 26 00:47:35 +0000 2017,fare_payment,fare_payment
2544059,"@115873 total fare &amp;amount reflecting in receipt both are different for 3 rides, got virtual credits which were never deducted from total fare",@723209 We're here to help! Please send us a note via https://t.co/1xM0TILvAI so we can take a closer look.,Thu Nov 16 13:32:22 +0000 2017,fare_payment,fare_payment
2450616,@115873 @Uber_Support Why was I charged another $144?! No explanation on updated receipt. Comment was in Spanish. Not helpful. #needexplantion,@702307 We can definitely follow up! Send us a note here; https://t.co/mCbloZWiGj so our team can connect.,Sun Oct 29 16:32:44 +0000 2017,fare_payment,fare_payment
997915,@115873 wtf? My driver cancelled on me when she arrived. When I requested a new uber she confirmed it so i had her twice and got charged twice.,@356296 Here to help! Send us a note here https://t.co/1xM0TILvAI so we can assist.,Mon Nov 20 04:32:52 +0000 2017,fare_payment,fare_payment
2837745,So I don't use @115873 too much cuz I'm broke...do the drivers not make a portion of the fare? Is the tip option so that they make money or for extra $$ for a good experience...help!,"@789798 Happy to explain, Christopher. Uber partners earn money based on the trips that are taken whether or not a tip is offered. Tips are extra earnings and are sent directly to the partner with no service fee taken out.",Mon Nov 27 15:35:42 +0000 2017,fare_payment,general_support
464435,"@Uber_Support ?? Naw, just pass on the feedback internally. No need to email",@225430 Here to help. Kindly send us a contact information with email address so we can connect.,Fri Dec 01 15:48:31 +0000 2017,fare_payment,general_support
2596500,@Uber_Support I was charged 70% extra than displayed fare. Uber is so sneaky and shady!,@395965 So sorry for the trouble! Send us a note via https://t.co/oEOANqFpjc so our team can assist.,Fri Nov 17 03:35:07 +0000 2017,fare_payment,fare_payment
1379957,@115873 is on some real bullshit sayin my ride is going to cost $6.99 but my receipt says $15.14 #lyft where you at #nofraud,@441242 Here to help! Send us a note here: https://t.co/6IqAxVj2X4 and our team will be in touch.,Sat Oct 28 04:33:11 +0000 2017,fare_payment,fare_payment
2975053,@115873 I love how my uber driver at #PHX just told me he wouldn't make it and then refused to cancel so my card got charged full fare. Seems like fraud to me. And for the record this was Uber Black not Uber X. https://t.co/5TAoGmWaN0,@256906 Here to help. Send us a note at https://t.co/wW2bTlNcsR so our team can connect.,Thu Nov 30 02:30:25 +0000 2017,fare_payment,driver_issue
1759728,"@Uber_Support hey uber, I take about 8-10 rides a week &amp; love using your new updated service. But I was just charged a $5 cancellation fee. https://t.co/yGPPz0DjtQ",@529657 We're sorry to hear this was your experience. Contact us via https://t.co/h840Iouehc and we'll be in touch.,Tue Nov 07 23:18:43 +0000 2017,fare_payment,cancellation
1660949,Already wrote to you there. Not only did I miss my train and first meeting in Philly but also had to pay a $19 change fee for tickets @115873 https://t.co/OvMVGuZNiY,@405881 We apologize for the trouble! Send us a DM with your email address and we'll follow up.,Wed Oct 25 14:55:27 +0000 2017,fare_payment,fare_payment
2637048,Why do I have to pay a cancellation fee when the UberXL I order could not seat 6 people? @Uber_Support #uberXL,@744304 We're always here to help! Please send us a note at https://t.co/lyqXfbVdYK and we'll be happy to look into this for you.,Fri Nov 17 20:33:30 +0000 2017,fare_payment,cancellation
473390,@Uber_Support They gave me a $10 credit for a $57 meal that went to waste 🙄,@227717 Sorry for the trouble! Please send us a DM with your email address with details so we can follow up.,Sat Dec 02 03:57:48 +0000 2017,fare_payment,fare_payment
2177806,"@115873 @Uber_Support imagine taking a 10 min drive and paying $30??? Listen, I didn’t tell your driver to take the toll!!! I’ve been taking @115873 for a yr now and NEVER paid 30 to go ANYWHERE!If I knew the fare would be 30 I wouldn’t have requested your @115873,This is unacceptable! https://t.co/99SPXu06pl",@635004 Hi there! We see your outreach via in-app. It seems that a member of our team has already responded. Please reply there for an additional question. Thanks.,Thu Nov 09 13:09:21 +0000 2017,fare_payment,fare_payment
1588326,@Uber_Support Good evening I had placed a wrong address on my app and was charged for it all ready taken out of my bank account https://t.co/yS1c2Os0GO,@488481 @115873 We're so sorry about that! Please send us a DM with your email address with details so we can connect.,Sat Nov 04 22:50:45 +0000 2017,fare_payment,fare_payment
996981,"@Uber_Support No matter how many times I contact you, I cannot get my AMEX credits to work. Your suggestions don't work. This is incredibly frustrating",@356079 So sorry about that! Send us a direct message (DM) with your email address so we can connect right away.,Tue Nov 21 18:11:15 +0000 2017,fare_payment,fare_payment
2501010,@Uber_Support @115873 your services suck in the UAE. :/ you are not transparent AT ALL in your fare and you don't even adjust the fare once it is completed. The upfront payment is a disaster. Guess I will shift to @23706 services since they are more transparent.,@322367 We're so sorry about that! Can you please send us a DM with your email address and additional details so we can assist?,Wed Nov 15 19:14:17 +0000 2017,fare_payment,fare_payment
1043132,@Uber_Support received a receipt which I cannot open for a cancelled trip today which the driver cancelled?,@311320 We're happy to connect. Please DM us the email on your account and we'll be in touch shortly.,Thu Oct 12 17:42:46 +0000 2017,fare_payment,technical_issue
1769497,I have emailed uber 3 times but have not had any luck with getting at least a refund of the surcharge.Just wanted to warn people especially any girls as the situation could have ended so much worse. I've posted the guy from uber as an FYI @115873 @Uber_Support,@531997 Here to help! Please send us a DM with your email address and more info regarding your concern so we can assist.,Tue Nov 07 23:07:10 +0000 2017,fare_payment,driver_issue
12628,@Uber_Support I did about 30 minutes ago. Have not heard anything or any response. I’ll just contest through my credit card.,@118528 Our team is reviewing your email from __email__' and will be in touch. We appreciate your patience!,Wed Nov 01 02:08:52 +0000 2017,fare_payment,general_support
943641,@115877 order took over an hour to come for it to be wrong and I’ve been over charged for what got delivered 🙃,"@343731 Here to assist, Rhian! Please DM us the email address associated with your account to look further into this.",Sat Oct 21 16:18:11 +0000 2017,fare_payment,delivery_issue
2978376,"@Uber_Support I wasn’t charged a cancellation fee, they charged me for the ride.",@821421 We're here to help! Send us a DM with your email address so we can follow up.,Thu Nov 30 03:38:51 +0000 2017,fare_payment,cancellation
554113,@uber_support I WAS OVERCHARGED FROM $12 TO $148+ ON NOV 30. YOU SAID I WILL GET MY MONEY BACK. BUT WHEN? I WANT MY MONEY NOW NOT LATER.,@249288 Sorry to hear about that! Send us a DM with your email address so we can follow up.,Sat Dec 02 20:01:16 +0000 2017,fare_payment,fare_payment
139569,@Uber_Support i don’t understand why i’ve been charged it doesn’t make sense,"@124279 We're happy to follow up, Soph. Can you please send a note our way via https://t.co/wW2bTlNcsR?",Fri Nov 24 13:05:13 +0000 2017,fare_payment,fare_payment
2783434,I had 2 drivers cancel on me b/c of it cc: @Uber_Support And before you tell me “put feedback in the app” - there is no good way to give this feedback in the app,@250666 Here to help! Send us a note here; https://t.co/e8HVorX5rh and our team will be able to help.,Tue Nov 21 17:25:41 +0000 2017,fare_payment,cancellation
2910859,"@Uber_Support Hello this was followed up however I do not feel this has been handled properly and all I have been asked to do is rate the driver, not good enough, you need to look into this ASAP @594417",@121165 We can assure you a member of our team will be in touch via in app support asap. Please direct any further questions or concerns there. Thank you for your patience.,Wed Nov 29 08:38:21 +0000 2017,fare_payment,driver_issue
1298556,@115873 I had issues with a fare when the app froze and wouldn’t let me start the trip,"@423482 Sorry to hear of the trouble, James! Please reach out to us here: https://t.co/FF2YGTGjuA so we can follow up.",Thu Oct 26 22:20:59 +0000 2017,fare_payment,technical_issue
843274,"Last night I paid Rs. 510 to @115873's cab from IGI Airport to Wazirabad Sec 52, didn't receive any SMS/invoice for the bill. Quite nonsensical!","@320535 Here to help, Bhaskar! Send us a note here; https://t.co/1ZhWn0IZsw and our team will be able to assist!",Mon Oct 09 10:09:53 +0000 2017,fare_payment,technical_issue
827942,"@Uber_Support Do you have a UK headquarters address I can send a bill for, for dealing with your spam advertising your illegal operation?",@317233 For questions or concerns please reference the following page: https://t.co/HNUfK03sih. Thank you so much.,Sun Oct 08 20:52:06 +0000 2017,fare_payment,general_support
1034218,"@115873 I was amazed, when standing on road last night. UBER driver didn't stop even I waved my hand at him and called him to pick me. On call he said going to your destination without picking me. App showed trip completed, but I didn't travelled. https://t.co/MM3Fh7LfEE",@364668 Sorry to hear about that! Can you please contact us via https://t.co/wW2bTlNcsR so our team can connect?,Sat Nov 25 11:17:53 +0000 2017,fare_payment,driver_issue
1378762,@115873 Thanks for giving the uber credit. You are the best....😋🤗🤗🤗🤗 Insane fast response,@440977 We're sorry to hear this was your experience. Please send us a DM with your email address with details so we can follow up.,Sat Oct 28 03:23:45 +0000 2017,fare_payment,general_support
2312611,@115873 @Uber_Support totally ripped off by your driver and no support. I won’t use Uber again for fear of false fare adjustments 😤,@670660 We're here to help! Send us a DM with your email address so we can assist.,Sun Nov 26 16:12:47 +0000 2017,fare_payment,driver_issue
1060422,"@Uber_Support If I agree to a suggested dropoff, will my fare be reduced to reflect the new dropoff point and shorter trip?","@370369 Hey, there are several factors that will determine your fare. You can learn more here; https://t.co/hR0RoJFhX9",Fri Oct 13 01:29:37 +0000 2017,fare_payment,general_support
1049966,@115873 @Uber_Support the driver cancelled on me and I got charged 5 dollars that’s not fair,@216662 Here to help! Please send us a note via https://t.co/h840Iouehc so our team can connect.,Mon Oct 23 00:49:48 +0000 2017,fare_payment,cancellation
2882280,@1562 @Uber_Support I was overcharged for my non-cash payment. While booking the trip fare was quoted Rs.109 but I had to pay Rs.145 at the end of trip. Please refund excess amount. https://t.co/vcW5FwWRkG,"@799697 Hi there! We're here to help. Send us a note here, https://t.co/oEOANqFpjc and so our team will assist.",Tue Nov 28 09:47:04 +0000 2017,fare_payment,fare_payment
785527,@115873 unjust cancellation fee not reverted yet. The driver kept going in rounds - surely his gps stands as proof. https://t.co/xgikBMKEDe,"@307428 Hello Ishita, here to help! Please send us a note at https://t.co/w7r2O6dMbU and we'll be happy to look into this for you.",Thu Oct 12 08:53:37 +0000 2017,fare_payment,fare_payment
1589460,@Uber_Support Hi what’s the situation on NYE will there be massive price surges all night? TIA,@488750 Dynamic pricing adjusts quickly based on demand and location. Checking the app is the best bet.,Sat Nov 04 23:03:28 +0000 2017,fare_payment,general_support
780977,"Yo @115873 stop hiring driver can't speak English, i speak 3 languages so this is not some hillbillies complaint, it's about safety. Fix it dipshit.",@185159 Happy to help! Please confirm your email address or phone number through direct message so we can further assist.,Sat Nov 25 09:14:58 +0000 2017,fare_payment,safety_fraud
2933990,"@115873 how can you charge me £4 to cancel a trip when the driver is dropping someone off near me, before he comes to pick me up!? 😂 https://t.co/etzTvOqP5J",@811280 Here to help! Send us a note via https://t.co/h840Iouehc so we can help.,Wed Nov 29 09:27:52 +0000 2017,fare_payment,cancellation
2072570,"@115873 Today i booked a cab from Ghaziabad to south extension Delhi.. the fair which was reflecting in my application was 307 &amp; then i booked it &amp; when i reached to my destination, they charged 517 bucks &amp; dere was no jam &amp; nothing on the way to destination. I'm ver disappointed.",@613010 Here to help! Send us a note here; https://t.co/oEOANqFpjc and our team will be able to assist!,Sat Nov 25 14:39:07 +0000 2017,fare_payment,fare_payment
557178,@Uber_Support How do I access the flat fares?,@213354 Here to help! Find out more info about ride pass here https://t.co/7HDCJkqO3i,Sat Dec 02 20:59:59 +0000 2017,fare_payment,general_support
443082,WOW @115873 ur driver REFUSED to pick me up at the spot he accepted and you charged me a cancellation fee? @115879 here I come #badcustomerservice #toomanyoptionsforthis,@220002 Here to help! Please send us a note here; https://t.co/a2H78GHc13 so our team can assist.,Tue Nov 21 16:24:29 +0000 2017,fare_payment,driver_issue
939670,Drivers are messing with Uber algorithm to get surcharge! put a stop to this! @Uber_Support,"@342753 Will you please DM us with more details about this? From there, we'll look into it.",Sat Oct 21 17:47:53 +0000 2017,fare_payment,driver_issue
1693870,"@Uber_Support I had a credit that would pay for my ride, but the credits were never applied to my ride.","@514018 Here to help! Follow up here; https://t.co/OhfgxSAY58, and our team will connect right away.",Mon Nov 06 18:37:23 +0000 2017,fare_payment,fare_payment
1795791,@115877 just got my order and it’s completely messed up! And had to order more food for my 2 daughters and it charged me again! WTH!,@539610 Sorry to hear about this! Send us a DM with your email address so we can take a look.,Tue Oct 17 23:52:25 +0000 2017,fare_payment,delivery_issue
1597396,"Why tf won’t Uber Eats accept my payments , I’m about to fight",@490706 Here to help! Send us a note here;https://t.co/3eYc7uUEUm and our team will be able to assist!,Sat Nov 04 22:27:59 +0000 2017,fare_payment,technical_issue
2834946,called for an @115873. the driver took so long to come (he was 1km away). I cancelled it but charged for cancellation almost same price for my ride. #uber #sucks #amsterdam,@789124 Here to help. Send us a note at https://t.co/e8HVorX5rh so our team can connect.,Mon Nov 27 14:27:11 +0000 2017,fare_payment,cancellation
2857342,@115873 your a bitch. You charged me for a ride I️ never took. 🤬 always some shit with uber.,@482626 Here to help! Send us a note via https://t.co/dInR3racif and we'll be in touch.,Mon Nov 27 21:49:11 +0000 2017,fare_payment,fare_payment
1736223,@Uber_Support I was abusively charged for a race cancellation initiated by the driver who didn't callme while I was on time @ the meeting pt,"@524188 So sorry to hear that, Matt! Please send us a message here; https://t.co/QsI1vsvcif and we'd be happy to take a look.",Tue Oct 17 17:38:42 +0000 2017,fare_payment,cancellation
2743118,@Uber_Support No contact email? Charged a cancellation but refunded as a credit and no use to me as I'm leaving the country.,@768355 We apologize for any inconvenience. Kindly send a note here: https://t.co/a2H78GHc13 so we can connect.,Mon Nov 20 18:44:42 +0000 2017,fare_payment,cancellation
2322678,"I got locked out of my uber account just now for literally no reason, so I feel bad for whoever I'm about to yell at until it gets unlocked",@673030 Here to help! Send us a note here; https://t.co/Md7v036OoC and our team will be able to assist!,Fri Oct 20 00:02:54 +0000 2017,fare_payment,account_access
2458766,"@Uber_Support i want my money back y’all over charged me last night, AND i waited a long time for me uber to come and i tried to cancel I️t but he was going to charge me",@704174 Here to help! Please send us a note here; https://t.co/1xM0TILvAI so our team can connect.,Sun Nov 26 18:51:39 +0000 2017,fare_payment,cancellation
465209,@115873 Mine is that the driver will accept the ride but won't show up. And I'll be charged for the ride. And they won't pick my call. 😤,@225657 We're here to help! Send us a DM with your email address and more details so we can follow up.,Fri Dec 01 09:18:03 +0000 2017,fare_payment,driver_issue
476487,@Uber_Support Nothing happened in the ride. The only thing that happened was that @115873 overcharged me. I want my money back!,@216010 Thank you for providing your account information. We have escalated your concern to a member of our team. They will be reaching out via in-app support/email. Please follow up there with any further concerns.,Fri Dec 01 21:37:10 +0000 2017,fare_payment,fare_payment
2735809,@Uber_Support If your uber driver cancels you get charged a fiver which you can only receive back in credit? Scummy business tactic 😂 is it surprising tfl want you out? Enjoy your report to CTSI.. https://t.co/Rv9hDfyhWZ,@766677 Sorry to hear about that. Please send us a note at https://t.co/iOszeeHZhQ,Sun Nov 26 23:38:16 +0000 2017,fare_payment,fare_payment
798483,@Uber_Support I added a prepaid card when the system said that my BOA Bank card was an invalid payment. I’ve deleted the prepaid card months ago.,"@310358 We have replied via DM with some information on this, please follow up with us there.",Thu Oct 12 21:56:19 +0000 2017,fare_payment,fare_payment
2811185,"Hey, @115873 @Uber_Support, what's up with your system? You assigned me a car, waited for more than the 23mins you said it wld take, and then u changed cars w/o notice. And I end up paying P100 cancellation fee. Brilliant! 😡","@783935 Hi there! We're here to help. Send us a note here, https://t.co/e8HVoseGiP and so our team will assist.",Wed Nov 22 07:53:24 +0000 2017,fare_payment,fare_payment
1419173,@115873 you charged me extra for a ride. FIX THIS!,"@449879 We're here to help! Send us a note here, https://t.co/1xM0TILvAI and our team will be in touch.",Wed Nov 01 23:20:00 +0000 2017,fare_payment,fare_payment
325528,@115873 wtf yo! You guys charged me an additional $15 for my ride. I want my money back!!!,@193547 We're sorry to hear this was your experience. Contact us via https://t.co/zJ6aIZinzb and we'll be in touch.,Sat Oct 07 15:51:16 +0000 2017,fare_payment,fare_payment
1632149,Such a pathetic &amp; unprofessional service by @115873. @Uber_Support i would like a refund of my cancellation fee. Ur Driver cancel trip. Nt me,"@499453 We're happy to connect, Chandan. Please reach out at https://t.co/QsI1vsvcif and a member of our team will be in touch shortly.",Sun Oct 22 11:55:19 +0000 2017,fare_payment,cancellation
500904,@115873 just charged me £8.50 to get in a car with my 10 year old and then be thrown out again as the driver wouldn’t wait for my wife to take my 7 year old daughter to the toilet. Appalled by the appalling rude service. Have been a loyal customer but now seriously reconsidering.,@234650 Here to help. Send us a note at https://t.co/TmWmJyGFaK so our team can connect.,Fri Dec 01 19:33:32 +0000 2017,fare_payment,driver_issue
836529,@Uber_Support how did I get a charge of $193 for an Uber ride that I never requested?!!!!!,@319121 Happy to help. Send us a DM with your account email address and we'll be in touch.,Fri Oct 13 03:34:10 +0000 2017,fare_payment,fare_payment
682678,@115877 Why do you think it's acceptable to charge £3.50?!?!?! For a McDonald's delivery? I live ten minutes away from it!,@282916 Please write us a note at https://t.co/3eYc7uUEUm and a member from our team will follow up with you.,Thu Oct 05 17:59:11 +0000 2017,fare_payment,fare_payment
1026302,"@115873 maybe if 25 minutes after 'will arrive in 3 minutes' the Uber hasn't arrived, don't charge $5 to cancel. It's starting to get cold out","@362837 Sorry for the trouble! Send us a note here, https://t.co/e8HVorX5rh, and our team will be in touch.",Mon Oct 23 00:13:17 +0000 2017,fare_payment,fare_payment
2698092,#Uber @115873 How does the image below permit a $150 clean up fee. I️ have always had a good experience with Uber until now. This is NOT OK. Can someone please point out the damage done? https://t.co/yqbgJ8tGHL,@757393 Here to help! We're currently reviewing your email and will be in touch shortly. We appreciate your patience!,Sun Nov 19 19:45:05 +0000 2017,fare_payment,safety_fraud
2162641,"@115873 @Uber_Support I dm you guys about being charged a ridiculous fare, you guys directed me to your website which is giving me no assistance whatsoever, now I’m taking it up here to the public, I need my issue to be kindly resolved as a loyal customer I’m obligated to that. Thx",@635004 We're here to help! Send us a DM with your email address so we can connect.,Thu Nov 09 07:00:04 +0000 2017,fare_payment,fare_payment
1733196,@115873 why don’t you pay “inconvenience charge” every time a driver makes me wait &amp; cancels ride?,@523495 Sorry to hear about that! Can you please contact us via https://t.co/e8HVorX5rh so our team can connect.,Tue Nov 07 13:03:58 +0000 2017,fare_payment,cancellation
795911,@Uber_Support The hold of INR 350 on my PayTM account over and above my trip cost has not been returned. Need to book another ride. Pls help,@309770 Please send us a DM with your Uber account email address and phone number so we can follow up. https://t.co/sd7yH5jmbJ,Thu Oct 12 08:08:38 +0000 2017,fare_payment,fare_payment
1159221,@115873 once again u r fraud! my uberdriver called me 2 cnxl uber charged me a cnxlfee But the best u can do is credit my acct. I think not!,@392699 So sorry about that! Find out about our cancellation policy here; https://t.co/JyzdtQmyxT.,Sun Oct 15 18:37:53 +0000 2017,fare_payment,cancellation
1398978,@Uber_Support had taken a pool ride from Friends colony to Amar colony. Was confirmed @ Rs 59 but was charged Rs 177. Pls chk n confirm,"@445313 Here to help! Follow up here; https://t.co/pT35thgjaj, and our team will connect right away. .",Sat Oct 28 16:08:06 +0000 2017,fare_payment,fare_payment
175029,@115877 I’m really sad I ordered McDonald’s from you guys they charged me but I never got my order. Fuming 😡,@157072 Here to help. Send us a note at https://t.co/nFTc4ODH3P so our team can connect.,Fri Nov 24 23:43:21 +0000 2017,fare_payment,delivery_issue
2899781,"@Uber_Support I sent my friend an invite code but she didn't use it correctly, she signed up but didn't put her payment info in and hasn't used it yet. Now it won't let her sign up with my code. Can you help???",@803321 Here to help! Please reach out to https://t.co/QDn91HzZV0 and fill out the 4 boxes at the bottom so we can get in touch.,Tue Nov 28 17:31:41 +0000 2017,fare_payment,general_support
564448,"@115873 I left my iPhone in an Uber earlier today. I have the ride receipt, but I can't sign into my Uber account to contact the driver because I can't see the verification code that gets texted to me because I don't have my phone. Help?",@252212 So sorry about that! Send us a DM with your email address so we can connect right away.,Sun Dec 03 00:22:18 +0000 2017,fare_payment,lost_item
2346473,@115873 you idiots charged me a $5 cancellation fee for a car that broke down in front of my house before I even got in it. Worst service ever,@678454 So sorry about that! Find out about our cancellation policy here; https://t.co/JyzdtQmyxT.,Mon Nov 13 16:19:53 +0000 2017,fare_payment,cancellation
948959,@Uber_Support my father has been misguided by Uber driver regarding pickup location in pool and charged in auto cancellation,@345047 Here to help. Send us a note at https://t.co/rkdKXGV1hT so our team can connect .,Thu Oct 26 04:07:42 +0000 2017,fare_payment,cancellation
338681,Dear @115873 - it's complete BS when drivers accept fares before they have even dropped off current passengers. WTF???,@196852 So sorry about the trouble! Please send us a DM with your email address and more details so we can connect.,Sat Oct 07 22:44:59 +0000 2017,fare_payment,driver_issue
2720620,@Uber_Support your app and website will not let me delete my credit card info and account. Been trying for weeks. Time to sue!!,@418507 Hi there! Please reach out to https://t.co/zUe0dj6yoX and our team will be in touch.,Sun Nov 26 23:06:10 +0000 2017,fare_payment,technical_issue
300725,@115877 can we just be honest and say this fee for all the restaurants in the mall is because of the stupid construction? Geez https://t.co/S0l46rtrhg,@187705 Here to help clarify! You can head here: https://t.co/gwEH0cpug2 for more info on EATS pricing.,Fri Oct 06 20:12:03 +0000 2017,fare_payment,delivery_issue
2341580,Hi @115873 why are Driver’s receipts different from customers? #criminal #illegal https://t.co/c8HpLfwYtg,@677317 We're here to help! Send us a DM with your email address so we can connect.,Sun Oct 29 07:10:56 +0000 2017,fare_payment,fare_payment
2441981,"@Uber_Support Stopping ripping us off would be a start, like upping the price into Manchester at 5.30. All the traffic is coming the other way you bloody con artist","@700291 Hi, Neil. We definitely understand your concern and we assure you that we want to help in any way we can. Could you please DM us the email address linked to your account? We'll be happy to take a closer look.",Tue Nov 14 23:21:07 +0000 2017,fare_payment,fare_payment
2756875,"@Uber_Support 520am, waited for more than 15 mins, driver refused to pick up 3 calls...paying extra charges, av just uninstalled the app.",@771560 Here to help! Send us a note here https://t.co/e8HVorX5rh so we can assist.,Tue Nov 21 02:54:06 +0000 2017,fare_payment,driver_issue
594019,@Uber_Support today’s fare was charged more than the amount listed I paid INR 414...instead 129...GPS took us through a complete different route &amp; driver followed it blindly https://t.co/hDhgm3A3Vc,@260694 We're currently reviewing your email and will be in touch shortly. We appreciate your patience!,Sun Dec 03 18:08:52 +0000 2017,fare_payment,fare_payment
2200883,"@Uber_Support There is no option to send a note on the URL which you have given. Moreover it doesn't talk about any details on fee collect under the header of ""Toll Fee"". I need a respose on this ASAP.","@643656 Happy to further assist, Gaurav! Tolls will either be listed as an individual item or included in the item Tolls, Surcharges &amp; Fees on the trip receipts. See here: https://t.co/q7zvxM8QjZ for more. Hope this helps.",Sun Nov 26 14:17:13 +0000 2017,fare_payment,fare_payment
97644,@Uber_Support I've been getting duplicate suspicious email receipts after rides. Something is wrong. Here is the screenshot. Please let me know. Looks like something is compromised on your end. https://t.co/CNAZXsTvH3,@137372 Here to help! Send us a note via; https://t.co/kGIXas5Cxg so our team can connect.,Thu Nov 30 16:22:52 +0000 2017,fare_payment,safety_fraud
97655,"Charged £100 cleaning fee for a mess we didn’t make 12 hours after our journey, no evidence to prove it was us shows pics which could be anything by anyone. @115873 complete bullshit @Uber_Support replied with blatant PR automatic responses. Probably just a scam from the driver",@137377 We apologize for the trouble! Send us a DM with your email address and we'll connect.,Thu Nov 30 16:26:11 +0000 2017,fare_payment,safety_fraud
127223,@Uber_Support I received multiple fraudulent charges on my credit card from Uber. Trying to find an @115873 customer service number.,@144566 We can definitely follow up! Send us a note here: https://t.co/dInR3racif so our team can connect.,Fri Nov 24 03:30:41 +0000 2017,fare_payment,safety_fraud
2631668,@Uber_Support Thanks Uber... but I wasn't notified of the change. Every time I check the price has gone up?,@743104 Here to help! Can you please send us a DM with your email address so we can connect?,Fri Nov 17 18:20:38 +0000 2017,fare_payment,fare_payment
926825,@115873 how the hell does my rate jump from $23 to $42 in 30 mins on Long Island? Guess what? lindys always charges $35 so fuck you!,@117908 Here to help. Send us a note at https://t.co/wW2bTlNcsR so our team can connect.,Fri Oct 13 21:57:18 +0000 2017,fare_payment,fare_payment
36676,Took @115873 POOL yesterday. They tell me $3 &amp;change. End up charging $33.01. UberPOOL prices agreed upon before rider accepts. What the hell?,"@123996 Hi there! We're here to help. Send us a note here, https://t.co/W7UWSUTsIz and so our team will assist.",Wed Nov 01 14:11:15 +0000 2017,fare_payment,fare_payment
808948,@Uber_Support We disputed the charge and we were refunded. Thank you!,"@312757 No problem, Joe! We are glad we could help. Have a wonderful week.",Mon Oct 16 03:20:38 +0000 2017,fare_payment,general_support
184143,"@Uber_Support Hi, I just replied regarding half the fare refund but I deserve a FULL refund, please let get back to me ASAP",@159331 We'd be happy to take a second look at this for you. Please send us your email address via DM so we can follow up right away.,Sat Oct 14 20:54:04 +0000 2017,fare_payment,fare_payment
83626,"@Uber_Support there's no option to reply back there...case id showed as closed. Moreover, I didn't accepted any surge pricing. You charged my extra money...which is really bad and ridiculous.",@134370 Sorry to hear about the trouble. Our team has received your recent support message and have followed up. Please connect with us there if you have any questions.,Wed Nov 29 16:12:57 +0000 2017,fare_payment,fare_payment
1230433,@Uber_Support I’m trying to request a ride using a promotion and it keeps saying there’s something wrong with the payment. HELP!,@254782 Here to help. Send us a note at https://t.co/yqIhbH9ohQ so our team can connect.,Wed Oct 25 20:36:43 +0000 2017,fare_payment,account_access
19719,@Uber_Support Price gouges. Thieving robbers. I hate this company. $154 for a freakin airport ride. Never again! Pieces of SHIT.,"@723207 We take this very seriously, Yvonne. Please DM us your email address so we can follow up immediately.",Thu Nov 16 13:33:45 +0000 2017,fare_payment,fare_payment
2846352,my @115873 driver charged me and my girlfriend 90 dollars and claimed we trashed his car. all because we didn’t tip him. 🤬,@791670 We can take a look! Send us a DM with your email address so we can follow up.,Mon Nov 27 18:18:04 +0000 2017,fare_payment,driver_issue
2458791,@Uber_Support i have never used an Uber account yet i have an Uber charge on my PayPal account. How can i find out more info? Who do i contact at Uber?,@704182 Sorry to hear that! Send us a note here: https://t.co/dInR3racif so we can follow up.,Sun Nov 26 18:36:16 +0000 2017,fare_payment,fare_payment
1133759,@115873 @Uber_Support I was charged. Such a rude driver who refused to pickup and later drier cancelled the trip without even informing https://t.co/Zgd5fVvOyM,@364306 Oh no! Please send us a note at https://t.co/lyqXfbVdYK and we'll be happy to look into this for you.,Sun Oct 15 10:20:14 +0000 2017,fare_payment,cancellation
437052,.@115873 is low key a scam. Like why am I charged a cancellation fee when YOUR driver told me to cancel bc his app froze??,"@218791 Here to help, Malcolm. We see your DM and will be in touch shortly.",Tue Oct 10 14:55:56 +0000 2017,fare_payment,cancellation
2957813,@115873 what do I have to do to actually get my money back? My driver canceled why am I being charged? I don’t want an uber credit I want the money back in my bank account! This is absurd.,@816400 Here to help. Kindly send a note at https://t.co/JyzdtQmyxT so we can connect.,Wed Nov 29 19:30:22 +0000 2017,fare_payment,cancellation
1139860,Good to see @115877 upped their delivery charge to ensure you wait an hour for your cold food 👌🏻👍🏻,@388314 Sorry to hear about this! Send us a DM with your email address so we can take a look.,Sun Oct 15 12:23:11 +0000 2017,fare_payment,delivery_issue
957705,"@Uber_Support my uber took ages despite saying 1 minute away. Couldn’t cancel &amp; rebook or would have been charged. Now late, can u refund? https://t.co/wSRTUCwDt1",@347237 Happy to help. Please send us a DM with your account email address + phone number and we'll connect.,Sat Oct 21 18:01:16 +0000 2017,fare_payment,cancellation
508788,"Why no option to give feedback/bugs about @115873 app in your support pages?? Also, annoying that drivers can cancel on you anytime without penalty(?) and you have to wait for them to drive around funny routes and finally cancel. 30min wasted yesterday waiting for 2 different cars",@236854 Here to help! Send us a note via https://t.co/QDn91HzZV0 and we'll be in touch.,Fri Dec 01 22:05:33 +0000 2017,fare_payment,driver_issue
1668945,@Uber_Support Dear I would like to change my credit card in Uber account. I tried many times but I couldn't,@508197 Here to help! Find more info here; https://t.co/paDlcZi0nv. Please let us know if you have any other questions or concerns.,Mon Nov 06 11:58:23 +0000 2017,fare_payment,account_access
2510925,@115873 i ve paid extra 125₹ as a toll fee for my ride...whom sld i complain....,@715706 Here to help! Contact us here; https://t.co/ijTJHFJJTx so we can take a closer look.,Mon Oct 30 04:19:26 +0000 2017,fare_payment,fare_payment
1666717,@Uber_Support why did you randomly do a £1 test payment on my account without authorization?,"@345301 Hey, James. We want to look into this a little deeper please DM us the date and time and screen shot of this so we can investigate.",Tue Oct 17 06:56:19 +0000 2017,fare_payment,fare_payment
1854615,@131434 @115873 @Uber_Support This is the standard rate so 5 x surcharge . Crazy amount https://t.co/LsYCQSZiSx,@554875 We're here to help! Please visit; https://t.co/kkAwlbpH4B for more info.,Sun Oct 29 13:52:00 +0000 2017,fare_payment,fare_payment
1119057,@384020 @115873 On my complaint. @115873 charges cancellation fee if cancelled after 5 minutes. Can any @115873 cab reach in 5 minutes. Another way of looting?,@434001 Here to help. Send us a note at https://t.co/h840Iouehc so our team can connect.,Mon Oct 16 13:56:02 +0000 2017,fare_payment,cancellation
1843766,@Uber_Support What if I get a cab which is 1 minute away from me and the driver denies my destination and asks me to cancel. Issue is that why should I cancel when its not my problem and he cancels the same after 5 mins and I get charged for not showing.,@552429 Here to help! Send us a note via https://t.co/h840Iouehc and we'll be in touch.,Sun Nov 26 07:29:29 +0000 2017,fare_payment,cancellation
2941468,"@Uber_Support not impressed with a cancellation charge for a driver that failed to turn up. You have GPS settings etc, he drove past me and in the wrong direction. Refund requested - totally dissatisfied. this needs resolution now",@325577 Here to help! Please send us a DM with your email address so our team can connect right away.,Wed Nov 29 13:32:14 +0000 2017,fare_payment,cancellation
2715246,"@Uber_Support ordered an uber to pick me up from the Dr., they went to the wrong address, tried to blame me when I gave them instructions, said they'd come to correct address on the phone &amp; then canceled the trip after I waited for ages. And now of course the fare has doubled. 😑","@762213 We can definitely take a closer look! Contact us here; https://t.co/593jusCquh , so we can help.",Mon Nov 20 04:59:43 +0000 2017,fare_payment,cancellation
2094321,@115873 y'all charged me full price twice for rides the driver cancelled on both times thanks pals,@618778 Here to help! Please send us a note via https://t.co/h840IoLP8K so our team can connect.,Thu Oct 19 03:25:48 +0000 2017,fare_payment,cancellation
939485,@115873 almost 30min before booked uber cab. Driver insted of coming to location point parked his car some other location asked me reach over there. When i refused he asked me to cancel and i did that now cancellation fee has taken from why? Is it business model? Frequency is high.,@342701 We're sorry to hear this was your experience. Please send us a note at https://t.co/QsI1vsvcif and our team will be in touch.,Sat Nov 25 16:31:28 +0000 2017,fare_payment,cancellation
791978,@115873 driver started the trip even before he arrives. Had to cancel it but I was charged for the trip. How refund?,@308850 Here to help! Please send us a note at https://t.co/FDTXFthjTD and we'll be happy to look into this for you.,Sun Oct 08 02:04:58 +0000 2017,fare_payment,cancellation
2171711,@115873 @Uber_Support Updated my uberPool receipt and insist on claiming it to be right despite a clear issue in the route used by the driver. #deleteUber #cheat,@636942 Here to further assist you. Can you please send us a DM with your email address so we can follow up?,Thu Nov 09 13:07:49 +0000 2017,fare_payment,fare_payment
999791,"#Uber , I was charged for the trip which didn’t even happen, driver cancelled but I was charged.. kindly help... PFA https://t.co/8jFp8UIa1z",@356731 Here to help! Please send us a note via https://t.co/h840Iouehc so our team can connect.,Thu Oct 12 04:50:36 +0000 2017,fare_payment,cancellation
135671,@116288 @115873 A very unpleasant experience with Uber India. Cant book the ride stating too many cancellations. Charged me even when driver was not around. Please resolve immediately,@146578 Here to help! Send us a note via https://t.co/xMxswVLBKT and we'll be in touch.,Fri Nov 24 09:10:24 +0000 2017,fare_payment,cancellation
347538,Yo @Uber_Support My issue hasn't been resolved. I am not about to incur a $150 charge for nothing. DM Me,@198761 Please check our DM correspondence as we've followed up there with more info.,Sun Oct 08 05:04:12 +0000 2017,fare_payment,fare_payment
700239,"Seriously, goin to have to delete @115873,just saw my receipt I was show it would be $28.39 and got charged double,he use the wrong route 😡 https://t.co/Hj44ecnsJ2",@287093 Here to help. Send us a note at https://t.co/y4EDPcVZOI so our team can connect.,Fri Oct 06 00:23:22 +0000 2017,fare_payment,fare_payment
125054,@115873 I can't find answer to my question; I forgot to write the referral link when I signed up. How can it be credited to the one who referred me. Thanks.,@144034 Happy to help! Please reach out to https://t.co/zUe0dj6yoX and fill out the 4 boxes at the bottom so we can get in touch.,Fri Nov 24 02:07:28 +0000 2017,fare_payment,general_support
2071521,@118730 do u not operate a phone b/c your email help is not working. Each time I'm being asked for something diff&amp;no longer feel secure,"@612643 Hey, Anna. We do not currently offer phone support. Please send us a DM with your account email address + details and we'll connect.",Mon Oct 09 03:50:06 +0000 2017,fare_payment,general_support
1340931,@Uber_Support first ride is mean to be free yet I was charged,@432768 Let's take a closer look! Send us a note via https://t.co/1xM0TILvAI so our team can follow up.,Fri Oct 27 15:34:46 +0000 2017,fare_payment,fare_payment
808296,@115873 we have just been charged a £70 cleaning fee- we had no drinks or food and wasn't sick in the car- what a scam! Off to the papers 👋🏻,@312598 We'll be happy to take a closer look. Send us a note via https://t.co/a6RfeBkKmr so our team can connect.,Thu Oct 12 17:58:20 +0000 2017,fare_payment,fare_payment
